"Brand","Platform","Content Type","Title/Hook","Caption","Media URL","Payment Link","Telegram Link"
"Astrolas","Instagram Reel","Reel 1","Can your name bring wealth?","Did you know your name carries a hidden vibrational frequency? 🔮 At Astrolas, we combine ancient Chaldean Numerology with the Lo Shu Grid to reveal your true destiny. 💳 Starter Reading (₹499 / $9): https://rzp.io/l/astrolas-starter #Astrolas #ChaldeanNumerology","https://picsum.photos/id/1015/1080/1920.jpg","https://rzp.io/l/astrolas-starter","https://t.me/AstrolasCosmic"
"Astrolas","Instagram Reel","Reel 2","Hast Rekha Scanner live","Try the Astrolas Hast Rekha Scanner live! ✋✨ Scan your palm with your smartphone camera for instant life line, career timing, and health analysis. 🎁 Palmistry Package: ₹1,499 ($25). 💳 Quick Pay: https://rzp.io/l/astrolas-palmistry #HastRekha #Palmistry","https://picsum.photos/id/1015/1080/1920.jpg","https://rzp.io/l/astrolas-palmistry","https://t.me/AstrolasCosmic"
"Astrolas","Instagram Reel","Reel 3","Lo Shu Center Grid","Missing number 5 or 6 in your grid? Learn remedial crystal and name spelling corrections to maximize financial luck. 💳 Premium Reading (₹1,499 / $25): https://rzp.io/l/astrolas-premium #LoShuGrid #Numerology","https://picsum.photos/id/1015/1080/1920.jpg","https://rzp.io/l/astrolas-premium","https://t.me/AstrolasCosmic"
"Astrolas","Instagram Reel","Reel 4","Life Path 8 Power","Born on 8, 17, or 26? Discover your leadership potential and career authority transits. 💳 Life Path Report (₹999 / $15): https://rzp.io/l/astrolas-lifepath #LifePath8 #Astrology","https://picsum.photos/id/1015/1080/1920.jpg","https://rzp.io/l/astrolas-lifepath","https://t.me/AstrolasCosmic"
"Astrolas","Instagram Reel","Reel 5","Venus Wealth Transit","Venus enters favorable transit aspect this month! Check your Kundli alignment and auspicious timing. 💳 Starter Reading (₹499 / $9): https://rzp.io/l/astrolas-starter #Zodiac #Astrology","https://picsum.photos/id/1015/1080/1920.jpg","https://rzp.io/l/astrolas-starter","https://t.me/AstrolasCosmic"
"Astrolas","Instagram Reel","Reel 6","Thumb Flexibility Test","Flexible vs Stiff Thumb: What your thumb angle reveals about your adaptability and financial mindset! 💳 Palmistry Report (₹1,499 / $25): https://rzp.io/l/astrolas-palmistry #Palmistry #HastRekha","https://picsum.photos/id/1015/1080/1920.jpg","https://rzp.io/l/astrolas-palmistry","https://t.me/AstrolasCosmic"
"Astrolas","Instagram Reel","Reel 7","Name Correction Case Study","How changing 1 letter in a brand name unlocked 3x sales growth! Sound vibration and Chaldean frequency matters. 💳 Premium Reading (₹1,499 / $25): https://rzp.io/l/astrolas-premium #Chaldean","https://picsum.photos/id/1015/1080/1920.jpg","https://rzp.io/l/astrolas-premium","https://t.me/AstrolasCosmic"
"Astrolas","Instagram Reel","Reel 8","Jupiter Growth Aspects","Jupiter in the 2nd house of wealth! Calculate your optimal investment dates. 💳 Starter Reading (₹499 / $9): https://rzp.io/l/astrolas-starter #AstrologyReading","https://picsum.photos/id/1015/1080/1920.jpg","https://rzp.io/l/astrolas-starter","https://t.me/AstrolasCosmic"
"Astrolas","Instagram Reel","Reel 9","Love & Compatibility Matrix","Match your life path numbers with your partner for deeper relationship harmony. 💳 Combo Reading (₹1,499 / $25): https://rzp.io/l/astrolas-combo #NumerologyCompatibility","https://picsum.photos/id/1015/1080/1920.jpg","https://rzp.io/l/astrolas-combo","https://t.me/AstrolasCosmic"
"Astrolas","Instagram Reel","Reel 10","Heart Line Deep Dive","Curved vs straight Heart Line in palmistry: Emotional expression & romantic alignment. 💳 Palmistry Scanner (₹1,499 / $25): https://rzp.io/l/astrolas-palmistry #Palmistry","https://picsum.photos/id/1015/1080/1920.jpg","https://rzp.io/l/astrolas-palmistry","https://t.me/AstrolasCosmic"
"Astrolas","Instagram Reel","Reel 11","Life Path 1 Leadership","Life Path 1 traits, lucky colors, and career alignment secrets. 💳 Life Path Report (₹999 / $15): https://rzp.io/l/astrolas-lifepath #LifePath1","https://picsum.photos/id/1015/1080/1920.jpg","https://rzp.io/l/astrolas-lifepath","https://t.me/AstrolasCosmic"
"Astrolas","Instagram Reel","Reel 12","Fate Line Double Branch","Dual career paths and side-hustle timing shown in palmistry! 💳 Palmistry Scan (₹1,499 / $25): https://rzp.io/l/astrolas-palmistry #HastRekha","https://picsum.photos/id/1015/1080/1920.jpg","https://rzp.io/l/astrolas-palmistry","https://t.me/AstrolasCosmic"
"Astrolas","Instagram Reel","Reel 13","Numerology Number 3 Creativity","Communicators, artists, and creators: Tune your name harmony today! 💳 Starter Reading (₹499 / $9): https://rzp.io/l/astrolas-starter #Numerology3","https://picsum.photos/id/1015/1080/1920.jpg","https://rzp.io/l/astrolas-starter","https://t.me/AstrolasCosmic"
"Astrolas","Instagram Reel","Reel 14","Mercury Retrograde Guide","How to navigate Mercury retrograde and pick auspicious contract signing dates. ✈️ Join Telegram: https://t.me/AstrolasCosmic #Astrology","https://picsum.photos/id/1015/1080/1920.jpg","https://rzp.io/l/astrolas-starter","https://t.me/AstrolasCosmic"
"Astrolas","Instagram Reel","Reel 15","Sun Sign vs Life Path Number","Which one governs your daily decisions? Understand your dual astrological profile. 💳 Premium Reading (₹1,499 / $25): https://rzp.io/l/astrolas-premium #Zodiac","https://picsum.photos/id/1015/1080/1920.jpg","https://rzp.io/l/astrolas-premium","https://t.me/AstrolasCosmic"
"Astrolas","Instagram Reel","Reel 16","Mount of Saturn Ridge Analysis","Discipline, career longevity, and karma indicators on the palm. 💳 Palmistry Scanner (₹1,499 / $25): https://rzp.io/l/astrolas-palmistry #Palmistry","https://picsum.photos/id/1015/1080/1920.jpg","https://rzp.io/l/astrolas-palmistry","https://t.me/AstrolasCosmic"
"Astrolas","Instagram Reel","Reel 17","Name Number 5 Expansion","Why number 5 is the code of rapid business expansion and public visibility. 💳 Starter Reading (₹499 / $9): https://rzp.io/l/astrolas-starter #Numerology5","https://picsum.photos/id/1015/1080/1920.jpg","https://rzp.io/l/astrolas-starter","https://t.me/AstrolasCosmic"
"Astrolas","Instagram Reel","Reel 18","Zodiac Financial Transits","Which zodiac signs receive major financial shifts this quarter? 💳 Deep Dive Report (₹1,499 / $25): https://rzp.io/l/astrolas-deepdive #Astrology","https://picsum.photos/id/1015/1080/1920.jpg","https://rzp.io/l/astrolas-deepdive","https://t.me/AstrolasCosmic"
"Astrolas","Instagram Reel","Reel 19","Life Path 7 Intuition","Researchers, analysts, and intuitive thinkers: Master your birth number code. 💳 Life Path Report (₹999 / $15): https://rzp.io/l/astrolas-lifepath #LifePath7","https://picsum.photos/id/1015/1080/1920.jpg","https://rzp.io/l/astrolas-lifepath","https://t.me/AstrolasCosmic"
"Astrolas","Instagram Reel","Reel 20","Marriage Line Islands","Understanding relationship challenge indicators and Vedic remedies. 💳 Palmistry Scan (₹1,499 / $25): https://rzp.io/l/astrolas-palmistry #HastRekha","https://picsum.photos/id/1015/1080/1920.jpg","https://rzp.io/l/astrolas-palmistry","https://t.me/AstrolasCosmic"
"Astrolas","Instagram Reel","Reel 21","Lucky Mobile Number Check","Does your mobile phone number add up to a lucky total? Calculate your sum today. 💳 Starter Reading (₹499 / $9): https://rzp.io/l/astrolas-starter #MobileNumerology","https://picsum.photos/id/1015/1080/1920.jpg","https://rzp.io/l/astrolas-starter","https://t.me/AstrolasCosmic"
"Astrolas","Instagram Reel","Reel 22","Vedic vs Chaldean System","Why Chaldean sound vibration frequency is the gold standard for name correction. 💳 Premium Reading (₹1,499 / $25): https://rzp.io/l/astrolas-premium #Chaldean","https://picsum.photos/id/1015/1080/1920.jpg","https://rzp.io/l/astrolas-premium","https://t.me/AstrolasCosmic"
"Astrolas","Instagram Reel","Reel 23","Solar Return Birthday Transit","Your annual birthday transit forecast: 12-month wealth and career outlook. 💳 Deep Dive Report (₹1,499 / $25): https://rzp.io/l/astrolas-deepdive #SolarReturn","https://picsum.photos/id/1015/1080/1920.jpg","https://rzp.io/l/astrolas-deepdive","https://t.me/AstrolasCosmic"
"Astrolas","Instagram Reel","Reel 24","Head Line Analytical Capacity","Long vs short Head Line in palmistry: Logic, focus, and strategic thinking. 💳 Palmistry Scan (₹1,499 / $25): https://rzp.io/l/astrolas-palmistry #Palmistry","https://picsum.photos/id/1015/1080/1920.jpg","https://rzp.io/l/astrolas-palmistry","https://t.me/AstrolasCosmic"
"Astrolas","Instagram Reel","Reel 25","VIP Astrolas Consultation Portal","Inside the 24/7 Astrolas Consultation Assistant: Instant transit reports and Kundli alignment. 💳 VIP Access (₹4,999 / $69): https://rzp.io/l/astrolas-vip #AstrolasVIP","https://picsum.photos/id/1015/1080/1920.jpg","https://rzp.io/l/astrolas-vip","https://t.me/AstrolasCosmic"
"Astrolas","Instagram Reel","Reel 26","Life Path 9 Humanitarian Power","Life Path 9 attributes, career alignment, and auspicious dates. 💳 Life Path Report (₹999 / $15): https://rzp.io/l/astrolas-lifepath #LifePath9","https://picsum.photos/id/1015/1080/1920.jpg","https://rzp.io/l/astrolas-lifepath","https://t.me/AstrolasCosmic"
"Astrolas","Instagram Reel","Reel 27","Mount of Venus Vitality","Energy levels, charisma, and romantic magnetism in palmistry. 💳 Palmistry Scan (₹1,499 / $25): https://rzp.io/l/astrolas-palmistry #Palmistry","https://picsum.photos/id/1015/1080/1920.jpg","https://rzp.io/l/astrolas-palmistry","https://t.me/AstrolasCosmic"
"Astrolas","Instagram Reel","Reel 28","Master Number 11 & 22","Understanding the spiritual weight and financial potential of master numbers. 💳 Premium Reading (₹1,499 / $25): https://rzp.io/l/astrolas-premium #MasterNumbers","https://picsum.photos/id/1015/1080/1920.jpg","https://rzp.io/l/astrolas-premium","https://t.me/AstrolasCosmic"
"Astrolas","Instagram Reel","Reel 29","Daily Horoscope Transits","Auspicious timing for investments, meetings, and major life decisions. ✈️ Join Telegram: https://t.me/AstrolasCosmic #ZodiacTransits","https://picsum.photos/id/1015/1080/1920.jpg","https://rzp.io/l/astrolas-starter","https://t.me/AstrolasCosmic"
"Astrolas","Instagram Reel","Reel 30","Complete Astrolas Destiny Blueprint","Full numerology & palmistry synergy report for 2026. 💳 VIP Access (₹4,999 / $69): https://rzp.io/l/astrolas-vip #AstrolasDestiny","https://picsum.photos/id/1015/1080/1920.jpg","https://rzp.io/l/astrolas-vip","https://t.me/AstrolasCosmic"

"Lasavo School","Instagram Reel","Reel 1","24/7 Avatar Teacher Demo","Welcome to Lasavo School! Every student gets an interactive 24/7 Avatar Teacher tailored to their learning speed. 💳 Monthly Pass (₹999/mo / $15/mo): https://rzp.io/l/lasavo-student-monthly #LasavoSchool #EdTech","https://picsum.photos/id/1062/1080/1920.jpg","https://rzp.io/l/lasavo-student-monthly","https://t.me/LasavoSchoolClassroom"
"Lasavo School","Instagram Reel","Reel 2","Parent TMS Analytics Dashboard","Stay connected with your child's academic growth! Real-time subject mastery, quiz scores, and study time tracking. 💳 Parent TMS Pass (₹1,499/mo): https://rzp.io/l/lasavo-parent-tms #Parenting #EdTech","https://picsum.photos/id/1062/1080/1920.jpg","https://rzp.io/l/lasavo-parent-tms","https://t.me/LasavoSchoolClassroom"
"Lasavo School","Instagram Reel","Reel 3","3D Physics Simulation Lab","Simulating gravity, momentum, and friction in interactive 3D! 💳 Monthly Pass (₹999/mo): https://rzp.io/l/lasavo-student-monthly #STEM #Physics","https://picsum.photos/id/1062/1080/1920.jpg","https://rzp.io/l/lasavo-student-monthly","https://t.me/LasavoSchoolClassroom"
"Lasavo School","Instagram Reel","Reel 4","Coding for Kids & Teens","Interactive Python & JavaScript coding modules with instant feedback. 💳 Annual Pass (₹7,999/yr / $99/yr): https://rzp.io/l/lasavo-student-annual #Coding #STEM","https://picsum.photos/id/1062/1080/1920.jpg","https://rzp.io/l/lasavo-student-annual","https://t.me/LasavoSchoolClassroom"
"Lasavo School","Instagram Reel","Reel 5","Adaptive Pacing Engine","Slow down for algebra, speed up for history. Personalized learning speed for every student. 💳 Monthly Pass (₹999/mo): https://rzp.io/l/lasavo-student-monthly #EdTech","https://picsum.photos/id/1062/1080/1920.jpg","https://rzp.io/l/lasavo-student-monthly","https://t.me/LasavoSchoolClassroom"
"Lasavo School","Instagram Reel","Reel 6","0 Homework Arguments","How Lasavo School eliminated homework stress in modern households. 💳 Parent TMS Pass (₹1,499/mo): https://rzp.io/l/lasavo-parent-tms #ParentingTips","https://picsum.photos/id/1062/1080/1920.jpg","https://rzp.io/l/lasavo-parent-tms","https://t.me/LasavoSchoolClassroom"
"Lasavo School","Instagram Reel","Reel 7","3D Cell Anatomy Model","Rotating 3D cell and DNA structure visualization for biology students. 💳 Monthly Pass (₹999/mo): https://rzp.io/l/lasavo-student-monthly #Biology #STEM","https://picsum.photos/id/1062/1080/1920.jpg","https://rzp.io/l/lasavo-student-monthly","https://t.me/LasavoSchoolClassroom"
"Lasavo School","Instagram Reel","Reel 8","Bilingual Language Lab","Practice Spanish, French, and English pronunciation with real-time audio analysis. 💳 Annual Pass (₹7,999/yr): https://rzp.io/l/lasavo-student-annual #LanguageLearning","https://picsum.photos/id/1062/1080/1920.jpg","https://rzp.io/l/lasavo-student-annual","https://t.me/LasavoSchoolClassroom"
"Lasavo School","Instagram Reel","Reel 9","Math Anxiety Solution","Step-by-step calculus & geometry problem breakdowns with gamified rewards. 💳 Monthly Pass (₹999/mo): https://rzp.io/l/lasavo-student-monthly #MathTutor","https://picsum.photos/id/1062/1080/1920.jpg","https://rzp.io/l/lasavo-student-monthly","https://t.me/LasavoSchoolClassroom"
"Lasavo School","Instagram Reel","Reel 10","Daily Student Summary Email","What parents receive every evening at 7 PM to stay informed on learning progress. 💳 Parent TMS Pass (₹1,499/mo): https://rzp.io/l/lasavo-parent-tms #ParentTMS","https://picsum.photos/id/1062/1080/1920.jpg","https://rzp.io/l/lasavo-parent-tms","https://t.me/LasavoSchoolClassroom"
"Lasavo School","Instagram Reel","Reel 11","Interactive Chemistry Lab","Mix virtual chemical elements and observe reactions without lab hazards. 💳 Monthly Pass (₹999/mo): https://rzp.io/l/lasavo-student-monthly #Chemistry","https://picsum.photos/id/1062/1080/1920.jpg","https://rzp.io/l/lasavo-student-monthly","https://t.me/LasavoSchoolClassroom"
"Lasavo School","Instagram Reel","Reel 12","SAT & Exam Prep Track","Simulated timed exam practice with personalized weakness diagnostic reports. 💳 Annual Pass (₹7,999/yr): https://rzp.io/l/lasavo-student-annual #ExamPrep","https://picsum.photos/id/1062/1080/1920.jpg","https://rzp.io/l/lasavo-student-annual","https://t.me/LasavoSchoolClassroom"
"Lasavo School","Instagram Reel","Reel 13","Vocational Skills Track","Intro to digital marketing, web dev, and robotics for secondary students. 💳 Monthly Pass (₹999/mo): https://rzp.io/l/lasavo-student-monthly #FutureSkills","https://picsum.photos/id/1062/1080/1920.jpg","https://rzp.io/l/lasavo-student-monthly","https://t.me/LasavoSchoolClassroom"
"Lasavo School","Instagram Reel","Reel 14","Gamified STEM Badges","Earn digital certificates and badges for completing advanced STEM modules. 💳 Annual Pass (₹7,999/yr): https://rzp.io/l/lasavo-student-annual #STEMBadges","https://picsum.photos/id/1062/1080/1920.jpg","https://rzp.io/l/lasavo-student-annual","https://t.me/LasavoSchoolClassroom"
"Lasavo School","Instagram Reel","Reel 15","Teacher Classroom Integration","How physical school educators use Lasavo School to complement classroom teaching. 💳 Enterprise Pass: https://rzp.io/l/lasavo-parent-tms #Educators","https://picsum.photos/id/1062/1080/1920.jpg","https://rzp.io/l/lasavo-parent-tms","https://t.me/LasavoSchoolClassroom"
"Lasavo School","Instagram Reel","Reel 16","History 3D Time Machine","Walk through ancient Rome and historical landmarks in 3D. 💳 Monthly Pass (₹999/mo): https://rzp.io/l/lasavo-student-monthly #History","https://picsum.photos/id/1062/1080/1920.jpg","https://rzp.io/l/lasavo-student-monthly","https://t.me/LasavoSchoolClassroom"
"Lasavo School","Instagram Reel","Reel 17","Dyslexia-Friendly UI","Font scaling, color contrast, and text-to-speech accessibility features. 💳 Monthly Pass (₹999/mo): https://rzp.io/l/lasavo-student-monthly #InclusiveEd","https://picsum.photos/id/1062/1080/1920.jpg","https://rzp.io/l/lasavo-student-monthly","https://t.me/LasavoSchoolClassroom"
"Lasavo School","Instagram Reel","Reel 18","Parent Progress Sync","Sharing TMS report cards directly with school teachers in 1 click. 💳 Parent TMS Pass (₹1,499/mo): https://rzp.io/l/lasavo-parent-tms #ParentSync","https://picsum.photos/id/1062/1080/1920.jpg","https://rzp.io/l/lasavo-parent-tms","https://t.me/LasavoSchoolClassroom"
"Lasavo School","Instagram Reel","Reel 19","0 Frustration AI Tutor","Asking the same math problem 10 times with infinite tutor patience. 💳 Monthly Pass (₹999/mo): https://rzp.io/l/lasavo-student-monthly #AITutor","https://picsum.photos/id/1062/1080/1920.jpg","https://rzp.io/l/lasavo-student-monthly","https://t.me/LasavoSchoolClassroom"
"Lasavo School","Instagram Reel","Reel 20","Logic & Chess Puzzles","Developing critical thinking and spatial logic through interactive puzzles. 💳 Monthly Pass (₹999/mo): https://rzp.io/l/lasavo-student-monthly #LogicPuzzles","https://picsum.photos/id/1062/1080/1920.jpg","https://rzp.io/l/lasavo-student-monthly","https://t.me/LasavoSchoolClassroom"
"Lasavo School","Instagram Reel","Reel 21","Summer STEM Camp Pass","Keeping student minds active over break with daily 20-min STEM modules. 💳 Annual Pass (₹7,999/yr): https://rzp.io/l/lasavo-student-annual #STEMCamp","https://picsum.photos/id/1062/1080/1920.jpg","https://rzp.io/l/lasavo-student-annual","https://t.me/LasavoSchoolClassroom"
"Lasavo School","Instagram Reel","Reel 22","Robotics Circuit Simulation","Building virtual Arduino circuit boards and testing motor logic. 💳 Monthly Pass (₹999/mo): https://rzp.io/l/lasavo-student-monthly #Robotics","https://picsum.photos/id/1062/1080/1920.jpg","https://rzp.io/l/lasavo-student-monthly","https://t.me/LasavoSchoolClassroom"
"Lasavo School","Instagram Reel","Reel 23","Essay Writing Assistant","Instant structural feedback, thesis building, and grammar refinement. 💳 Monthly Pass (₹999/mo): https://rzp.io/l/lasavo-student-monthly #WritingHelper","https://picsum.photos/id/1062/1080/1920.jpg","https://rzp.io/l/lasavo-student-monthly","https://t.me/LasavoSchoolClassroom"
"Lasavo School","Instagram Reel","Reel 24","Self-Paced Math Mastery","Moving ahead 2 grade levels in algebra independently. 💳 Annual Pass (₹7,999/yr): https://rzp.io/l/lasavo-student-annual #GiftedEd","https://picsum.photos/id/1062/1080/1920.jpg","https://rzp.io/l/lasavo-student-annual","https://t.me/LasavoSchoolClassroom"
"Lasavo School","Instagram Reel","Reel 25","Lasavo School Platform Tour","Full tour: Avatar Classroom + Parent TMS Dashboard + Curriculum Browser. 💳 Annual Pass (₹7,999/yr): https://rzp.io/l/lasavo-student-annual #LasavoTour","https://picsum.photos/id/1062/1080/1920.jpg","https://rzp.io/l/lasavo-student-annual","https://t.me/LasavoSchoolClassroom"
"Lasavo School","Instagram Reel","Reel 26","Interactive Astronomy 3D Solar System","Orbiting planets and constellation mapping in interactive 3D. 💳 Monthly Pass (₹999/mo): https://rzp.io/l/lasavo-student-monthly #Astronomy","https://picsum.photos/id/1062/1080/1920.jpg","https://rzp.io/l/lasavo-student-monthly","https://t.me/LasavoSchoolClassroom"
"Lasavo School","Instagram Reel","Reel 27","Speed Reading & Comprehension","Increasing reading speed by 2x with guided visual pacing tools. 💳 Monthly Pass (₹999/mo): https://rzp.io/l/lasavo-student-monthly #SpeedReading","https://picsum.photos/id/1062/1080/1920.jpg","https://rzp.io/l/lasavo-student-monthly","https://t.me/LasavoSchoolClassroom"
"Lasavo School","Instagram Reel","Reel 28","Parent Study Time Limit Alerts","Custom screen time and study break notifications sent to parent phones. 💳 Parent TMS Pass (₹1,499/mo): https://rzp.io/l/lasavo-parent-tms #ParentAlerts","https://picsum.photos/id/1062/1080/1920.jpg","https://rzp.io/l/lasavo-parent-tms","https://t.me/LasavoSchoolClassroom"
"Lasavo School","Instagram Reel","Reel 29","Peer Study Group Collaboration","Safe, moderated virtual study rooms for group projects. 💳 Monthly Pass (₹999/mo): https://rzp.io/l/lasavo-student-monthly #StudyGroups","https://picsum.photos/id/1062/1080/1920.jpg","https://rzp.io/l/lasavo-student-monthly","https://t.me/LasavoSchoolClassroom"
"Lasavo School","Instagram Reel","Reel 30","Lasavo School Graduation Certificate","Earn accredited STEM certificates upon course completion. 💳 Annual Pass (₹7,999/yr): https://rzp.io/l/lasavo-student-annual #Graduation","https://picsum.photos/id/1062/1080/1920.jpg","https://rzp.io/l/lasavo-student-annual","https://t.me/LasavoSchoolClassroom"

"Lasavo ASIC","Instagram Reel","Reel 1","Liquid Cooling Technology","High-performance liquid immersion cooling for 3nm ASIC hardware nodes! 40% lower thermal resistance. 💳 Tier 1 Node (₹49,999 / $600): https://rzp.io/l/lasavo-asic-tier1 #LasavoASIC #Compute","https://picsum.photos/id/1060/1080/1920.jpg","https://rzp.io/l/lasavo-asic-tier1","https://t.me/LasavoASICCompute"
"Lasavo ASIC","Instagram Reel","Reel 2","100MW High-Density Datacenter","Tour inside our high-density liquid compute hall built for extreme workloads. 💳 Tier 1 Node (₹49,999): https://rzp.io/l/lasavo-asic-tier1 #Hardware Compute","https://picsum.photos/id/1060/1080/1920.jpg","https://rzp.io/l/lasavo-asic-tier1","https://t.me/LasavoASICCompute"
"Lasavo ASIC","Instagram Reel","Reel 3","3D CAD/BIM Structural Workbench","Rotating 3D mechanical CAD workbench for industrial server rack framing. 💳 CAD Monthly (₹24,999/mo): https://rzp.io/l/lasavo-cad-monthly #CAD #BIM","https://picsum.photos/id/1060/1080/1920.jpg","https://rzp.io/l/lasavo-cad-monthly","https://t.me/LasavoASICCompute"
"Lasavo ASIC","Instagram Reel","Reel 4","Hash Rate Efficiency Metrics","Live telemetry dashboard showing TH/s per Watt energy optimization. 💳 Tier 1 Node (₹49,999): https://rzp.io/l/lasavo-asic-tier1 #ASICHardware","https://picsum.photos/id/1060/1080/1920.jpg","https://rzp.io/l/lasavo-asic-tier1","https://t.me/LasavoASICCompute"
"Lasavo ASIC","Instagram Reel","Reel 5","Green Energy Compute Substation","Direct hydro & solar power integration for sustainable compute clusters. 💳 Tier 1 Node (₹49,999): https://rzp.io/l/lasavo-asic-tier1 #GreenCompute","https://picsum.photos/id/1060/1080/1920.jpg","https://rzp.io/l/lasavo-asic-tier1","https://t.me/LasavoASICCompute"
"Lasavo ASIC","Instagram Reel","Reel 6","3nm Silicon Chip Density","Inspecting 3nm silicon microchips under high-magnification engineering camera. 💳 Tier 1 Node (₹49,999): https://rzp.io/l/lasavo-asic-tier1 #SiliconTech","https://picsum.photos/id/1060/1080/1920.jpg","https://rzp.io/l/lasavo-asic-tier1","https://t.me/LasavoASICCompute"
"Lasavo ASIC","Instagram Reel","Reel 7","BIM Mechanical Pipe Stress Test","Simulating fluid pressure and thermal stress in 3D BIM CAD software. 💳 CAD Monthly (₹24,999/mo): https://rzp.io/l/lasavo-cad-monthly #BIMCAD","https://picsum.photos/id/1060/1080/1920.jpg","https://rzp.io/l/lasavo-cad-monthly","https://t.me/LasavoASICCompute"
"Lasavo ASIC","Instagram Reel","Reel 8","24/7 Datacenter Sensor Telemetry","Automated telemetry alerts for voltage, flow rate, and temperature. 💳 Tier 1 Node (₹49,999): https://rzp.io/l/lasavo-asic-tier1 #Datacenter","https://picsum.photos/id/1060/1080/1920.jpg","https://rzp.io/l/lasavo-asic-tier1","https://t.me/LasavoASICCompute"
"Lasavo ASIC","Instagram Reel","Reel 9","Automatic Frequency Scaling","Dynamic ASIC hashboard frequency tuning for maximum daily yield. 💳 Tier 1 Node (₹49,999): https://rzp.io/l/lasavo-asic-tier1 #ASICYield","https://picsum.photos/id/1060/1080/1920.jpg","https://rzp.io/l/lasavo-asic-tier1","https://t.me/LasavoASICCompute"
"Lasavo ASIC","Instagram Reel","Reel 10","Air Cooling vs Immersion Cooling","Why air cooling fans fail at scale vs why dielectric liquid immersion stays at 28°C. 💳 Tier 1 Node (₹49,999): https://rzp.io/l/lasavo-asic-tier1 #ImmersionCooling","https://picsum.photos/id/1060/1080/1920.jpg","https://rzp.io/l/lasavo-asic-tier1","https://t.me/LasavoASICCompute"
"Lasavo ASIC","Instagram Reel","Reel 11","Structural Load CAD Calculations","Weight distribution math for high-density 50-unit server rack deployment. 💳 CAD Monthly (₹24,999/mo): https://rzp.io/l/lasavo-cad-monthly #StructuralEng","https://picsum.photos/id/1060/1080/1920.jpg","https://rzp.io/l/lasavo-cad-monthly","https://t.me/LasavoASICCompute"
"Lasavo ASIC","Instagram Reel","Reel 12","High-Voltage Substation Hookup","33kV industrial transformers delivering uninterrupted power to compute blocks. 💳 Tier 1 Node (₹49,999): https://rzp.io/l/lasavo-asic-tier1 #PowerGrid","https://picsum.photos/id/1060/1080/1920.jpg","https://rzp.io/l/lasavo-asic-tier1","https://t.me/LasavoASICCompute"
"Lasavo ASIC","Instagram Reel","Reel 13","60-Second Hotswap Maintenance","Swapping faulty hashboards in under 60 seconds without taking down the rack. 💳 Tier 1 Node (₹49,999): https://rzp.io/l/lasavo-asic-tier1 #DatacenterOps","https://picsum.photos/id/1060/1080/1920.jpg","https://rzp.io/l/lasavo-asic-tier1","https://t.me/LasavoASICCompute"
"Lasavo ASIC","Instagram Reel","Reel 14","Industry Leading PUE 1.05","How liquid immersion achieves ultra-low Power Usage Effectiveness of 1.05. 💳 Tier 1 Node (₹49,999): https://rzp.io/l/lasavo-asic-tier1 #EnergyEfficiency","https://picsum.photos/id/1060/1080/1920.jpg","https://rzp.io/l/lasavo-asic-tier1","https://t.me/LasavoASICCompute"
"Lasavo ASIC","Instagram Reel","Reel 15","CAD Pipe Collision Detection","Detecting structural interference in 3D BIM models before physical assembly. 💳 CAD Monthly (₹24,999/mo): https://rzp.io/l/lasavo-cad-monthly #CADDesign","https://picsum.photos/id/1060/1080/1920.jpg","https://rzp.io/l/lasavo-cad-monthly","https://t.me/LasavoASICCompute"
"Lasavo ASIC","Instagram Reel","Reel 16","Dual Redundant Fiber Links","Terabit-capacity fiber optic connections for ultra-low telemetry latency. 💳 Tier 1 Node (₹49,999): https://rzp.io/l/lasavo-asic-tier1 #HighSpeedCompute","https://picsum.photos/id/1060/1080/1920.jpg","https://rzp.io/l/lasavo-asic-tier1","https://t.me/LasavoASICCompute"
"Lasavo ASIC","Instagram Reel","Reel 17","Dielectric Fluid Safety Test","Pouring electronics into dielectric liquid with zero short circuit or fire risk. 💳 Tier 1 Node (₹49,999): https://rzp.io/l/lasavo-asic-tier1 #SafetyTech","https://picsum.photos/id/1060/1080/1920.jpg","https://rzp.io/l/lasavo-asic-tier1","https://t.me/LasavoASICCompute"
"Lasavo ASIC","Instagram Reel","Reel 18","Institutional Hosting SLAs","99.9% power & compute uptime SLAs backed by smart contract guarantees. 💳 Tier 1 Node (₹49,999): https://rzp.io/l/lasavo-asic-tier1 #InstitutionalHosting","https://picsum.photos/id/1060/1080/1920.jpg","https://rzp.io/l/lasavo-asic-tier1","https://t.me/LasavoASICCompute"
"Lasavo ASIC","Instagram Reel","Reel 19","FLIR Thermal Imaging Scan","FLIR infrared scan confirming cool operating temperature across all hashboards. 💳 Tier 1 Node (₹49,999): https://rzp.io/l/lasavo-asic-tier1 #ThermalImaging","https://picsum.photos/id/1060/1080/1920.jpg","https://rzp.io/l/lasavo-asic-tier1","https://t.me/LasavoASICCompute"
"Lasavo ASIC","Instagram Reel","Reel 20","Modular Steel Rack CAD","Designing modular steel chassis for rapid datacenter expansion. 💳 CAD Monthly (₹24,999/mo): https://rzp.io/l/lasavo-cad-monthly #CADEngineering","https://picsum.photos/id/1060/1080/1920.jpg","https://rzp.io/l/lasavo-cad-monthly","https://t.me/LasavoASICCompute"
"Lasavo ASIC","Instagram Reel","Reel 21","Emergency Diesel Generator Test","Sub-second automatic power transfer testing for 100% compute continuity. 💳 Tier 1 Node (₹49,999): https://rzp.io/l/lasavo-asic-tier1 #Redundancy","https://picsum.photos/id/1060/1080/1920.jpg","https://rzp.io/l/lasavo-asic-tier1","https://t.me/LasavoASICCompute"
"Lasavo ASIC","Instagram Reel","Reel 22","Biometric Datacenter Security","Retina scan, keycard, and 24/7 video monitoring at our compute facilities. 💳 Tier 1 Node (₹49,999): https://rzp.io/l/lasavo-asic-tier1 #PhysicalSecurity","https://picsum.photos/id/1060/1080/1920.jpg","https://rzp.io/l/lasavo-asic-tier1","https://t.me/LasavoASICCompute"
"Lasavo ASIC","Instagram Reel","Reel 23","Custom C++ ASIC Firmware","Overclocking hashboards by 15% with custom low-level C++ firmware. 💳 Tier 1 Node (₹49,999): https://rzp.io/l/lasavo-asic-tier1 #FirmwareTuning","https://picsum.photos/id/1060/1080/1920.jpg","https://rzp.io/l/lasavo-asic-tier1","https://t.me/LasavoASICCompute"
"Lasavo ASIC","Instagram Reel","Reel 24","Waste Heat Agricultural Reuse","Recycling datacenter thermal waste to heat green agricultural greenhouses. 💳 Tier 1 Node (₹49,999): https://rzp.io/l/lasavo-asic-tier1 #EcoCompute","https://picsum.photos/id/1060/1080/1920.jpg","https://rzp.io/l/lasavo-asic-tier1","https://t.me/LasavoASICCompute"
"Lasavo ASIC","Instagram Reel","Reel 25","Lasavo ASIC Full Facility Tour","Full tour: Datacenter Hall + CAD Workbench + Immersion Tanks + Substation. 💳 Tier 1 Node (₹49,999): https://rzp.io/l/lasavo-asic-tier1 #DatacenterTour","https://picsum.photos/id/1060/1080/1920.jpg","https://rzp.io/l/lasavo-asic-tier1","https://t.me/LasavoASICCompute"
"Lasavo ASIC","Instagram Reel","Reel 26","Liquid Coolant Circulation Pump","Industrial impeller pumps circulating 500 liters of dielectric fluid per minute. 💳 Tier 1 Node (₹49,999): https://rzp.io/l/lasavo-asic-tier1 #CoolingPumps","https://picsum.photos/id/1060/1080/1920.jpg","https://rzp.io/l/lasavo-asic-tier1","https://t.me/LasavoASICCompute"
"Lasavo ASIC","Instagram Reel","Reel 27","BIM HVAC Ductwork Optimization","Optimizing airflow and heat removal pathways in 3D BIM software. 💳 CAD Monthly (₹24,999/mo): https://rzp.io/l/lasavo-cad-monthly #BIMHVAC","https://picsum.photos/id/1060/1080/1920.jpg","https://rzp.io/l/lasavo-cad-monthly","https://t.me/LasavoASICCompute"
"Lasavo ASIC","Instagram Reel","Reel 28","ASIC Control Board Diagnostic","Debugging board telemetry via low-level serial terminal interface. 💳 Tier 1 Node (₹49,999): https://rzp.io/l/lasavo-asic-tier1 #HardwareDiagnostics","https://picsum.photos/id/1060/1080/1920.jpg","https://rzp.io/l/lasavo-asic-tier1","https://t.me/LasavoASICCompute"
"Lasavo ASIC","Instagram Reel","Reel 29","Sub-Zero Ambient Cooling Advantage","Deploying compute nodes in cold climate locations for maximum efficiency. 💳 Tier 1 Node (₹49,999): https://rzp.io/l/lasavo-asic-tier1 #ClimateCompute","https://picsum.photos/id/1060/1080/1920.jpg","https://rzp.io/l/lasavo-asic-tier1","https://t.me/LasavoASICCompute"
"Lasavo ASIC","Instagram Reel","Reel 30","Modular Containerized Datacenters","Shipping 1MW turnkey containerized compute units anywhere globally. 💳 Tier 1 Node (₹49,999): https://rzp.io/l/lasavo-asic-tier1 #ContainerCompute","https://picsum.photos/id/1060/1080/1920.jpg","https://rzp.io/l/lasavo-asic-tier1","https://t.me/LasavoASICCompute"

"Lasavo RWA","Instagram Reel","Reel 1","What is RWA Tokenization?","Transform physical real estate into liquid digital tokens! 1:1 asset backing on-chain. 💳 Tokenization Deposit (₹49,999 / $600): https://rzp.io/l/lasavo-rwa-token #LasavoRWA #RWA","https://picsum.photos/id/1074/1080/1920.jpg","https://rzp.io/l/lasavo-rwa-token","https://t.me/LasavoRWATokenization"
"Lasavo RWA","Instagram Reel","Reel 2","Proof of Reserve Dashboard","Real-time 1:1 cryptographic proof of physical asset reserves on-chain. 💳 Audit Deposit (₹1,49,999): https://rzp.io/l/lasavo-rwa-escrow #ProofOfReserve","https://picsum.photos/id/1074/1080/1920.jpg","https://rzp.io/l/lasavo-rwa-escrow","https://t.me/LasavoRWATokenization"
"Lasavo RWA","Instagram Reel","Reel 3","Pre-IPO & OTC Derivatives Studio","Trade pre-IPO tech equity contracts with automated smart contract escrow. 💳 OTC Escrow (₹99,999): https://rzp.io/l/lasavo-otc-escrow #OTC #PreIPO","https://picsum.photos/id/1074/1080/1920.jpg","https://rzp.io/l/lasavo-otc-escrow","https://t.me/LasavoRWATokenization"
"Lasavo RWA","Instagram Reel","Reel 4","Fractional Commercial Real Estate","Own a 1% share of a $50M commercial office tower and collect quarterly yield payouts. 💳 Token Deposit (₹49,999): https://rzp.io/l/lasavo-rwa-token #RealEstateTokenization","https://picsum.photos/id/1074/1080/1920.jpg","https://rzp.io/l/lasavo-rwa-token","https://t.me/LasavoRWATokenization"
"Lasavo RWA","Instagram Reel","Reel 5","On-Chain Audit Verification","Cryptographic verification of physical deed ownership without slow paperwork. 💳 Audit Escrow (₹1,49,999): https://rzp.io/l/lasavo-rwa-escrow #SmartContracts","https://picsum.photos/id/1074/1080/1920.jpg","https://rzp.io/l/lasavo-rwa-escrow","https://t.me/LasavoRWATokenization"
"Lasavo RWA","Instagram Reel","Reel 6","Smart Contract Escrow Security","Automated payout triggers on-chain: 0 counterparty default risk. 💳 OTC Escrow (₹99,999): https://rzp.io/l/lasavo-otc-escrow #EscrowTech","https://picsum.photos/id/1074/1080/1920.jpg","https://rzp.io/l/lasavo-otc-escrow","https://t.me/LasavoRWATokenization"
"Lasavo RWA","Instagram Reel","Reel 7","Institutional Liquidity Pools","Provide liquidity for tokenized infrastructure and earn automated APY yields. 💳 Token Deposit (₹49,999): https://rzp.io/l/lasavo-rwa-token #DefiRWA","https://picsum.photos/id/1074/1080/1920.jpg","https://rzp.io/l/lasavo-rwa-token","https://t.me/LasavoRWATokenization"
"Lasavo RWA","Instagram Reel","Reel 8","The $16 Trillion RWA Shift","Why major financial institutions are moving real-world assets on-chain. 💳 Audit Deposit (₹1,49,999): https://rzp.io/l/lasavo-rwa-escrow #RWAFinance","https://picsum.photos/id/1074/1080/1920.jpg","https://rzp.io/l/lasavo-rwa-escrow","https://t.me/LasavoRWATokenization"
"Lasavo RWA","Instagram Reel","Reel 9","Tokenized Clean Energy Farms","Own fractional revenue shares in solar and wind power generation. 💳 Token Deposit (₹49,999): https://rzp.io/l/lasavo-rwa-token #GreenYields","https://picsum.photos/id/1074/1080/1920.jpg","https://rzp.io/l/lasavo-rwa-token","https://t.me/LasavoRWATokenization"
"Lasavo RWA","Instagram Reel","Reel 10","Regulatory SPV Framework","Compliant Special Purpose Vehicle (SPV) structures for legal asset protection. 💳 Audit Escrow (₹1,49,999): https://rzp.io/l/lasavo-rwa-escrow #Compliance","https://picsum.photos/id/1074/1080/1920.jpg","https://rzp.io/l/lasavo-rwa-escrow","https://t.me/LasavoRWATokenization"
"Lasavo RWA","Instagram Reel","Reel 11","Tokenized Compute Infrastructure","Tokenizing physical server racks into yield-generating digital assets. 💳 Token Deposit (₹49,999): https://rzp.io/l/lasavo-rwa-token #ComputeTokenization","https://picsum.photos/id/1074/1080/1920.jpg","https://rzp.io/l/lasavo-rwa-token","https://t.me/LasavoRWATokenization"
"Lasavo RWA","Instagram Reel","Reel 12","24/7 Secondary Market Liquidity","Sell your fractional real estate tokens 24/7 without waiting 6 months for a buyer. 💳 OTC Escrow (₹99,999): https://rzp.io/l/lasavo-otc-escrow #SecondaryMarket","https://picsum.photos/id/1074/1080/1920.jpg","https://rzp.io/l/lasavo-otc-escrow","https://t.me/LasavoRWATokenization"
"Lasavo RWA","Instagram Reel","Reel 13","Chainlink Oracle Valuation Feeds","Real-time appraisal price updates fed directly to smart contract vaults. 💳 Audit Escrow (₹1,49,999): https://rzp.io/l/lasavo-rwa-escrow #ChainlinkOracles","https://picsum.photos/id/1074/1080/1920.jpg","https://rzp.io/l/lasavo-rwa-escrow","https://t.me/LasavoRWATokenization"
"Lasavo RWA","Instagram Reel","Reel 14","Automated Dividend Payouts","Smart contracts automatically calculate and pay net rental yields to token holders. 💳 Token Deposit (₹49,999): https://rzp.io/l/lasavo-rwa-token #Yields","https://picsum.photos/id/1074/1080/1920.jpg","https://rzp.io/l/lasavo-rwa-token","https://t.me/LasavoRWATokenization"
"Lasavo RWA","Instagram Reel","Reel 15","Tokenized Industrial Logistics","Fractional ownership of e-commerce logistics centers with stable cash flows. 💳 Token Deposit (₹49,999): https://rzp.io/l/lasavo-rwa-token #LogisticsRWA","https://picsum.photos/id/1074/1080/1920.jpg","https://rzp.io/l/lasavo-rwa-token","https://t.me/LasavoRWATokenization"
"Lasavo RWA","Instagram Reel","Reel 16","3-Step Tokenization Process","1. Physical Appraisal -> 2. SPV Legal Mint -> 3. Secondary Market Liquidity. 💳 Audit Escrow (₹1,49,999): https://rzp.io/l/lasavo-rwa-escrow #TokenizationGuide","https://picsum.photos/id/1074/1080/1920.jpg","https://rzp.io/l/lasavo-rwa-escrow","https://t.me/LasavoRWATokenization"
"Lasavo RWA","Instagram Reel","Reel 17","Pre-IPO Unicorn Equity","Access private unicorn company stock contracts prior to public IPO. 💳 OTC Escrow (₹99,999): https://rzp.io/l/lasavo-otc-escrow #PreIPOTokens","https://picsum.photos/id/1074/1080/1920.jpg","https://rzp.io/l/lasavo-otc-escrow","https://t.me/LasavoRWATokenization"
"Lasavo RWA","Instagram Reel","Reel 18","Audited Gold Vault Tokens","Physical gold bullion stored in secure vaults and tokenized on-chain. 💳 Token Deposit (₹49,999): https://rzp.io/l/lasavo-rwa-token #GoldTokens","https://picsum.photos/id/1074/1080/1920.jpg","https://rzp.io/l/lasavo-rwa-token","https://t.me/LasavoRWATokenization"
"Lasavo RWA","Instagram Reel","Reel 19","Multi-Sig Institutional Custody","3-of-5 key institutional vault protection for all tokenized asset reserves. 💳 Audit Escrow (₹1,49,999): https://rzp.io/l/lasavo-rwa-escrow #SecurityCustody","https://picsum.photos/id/1074/1080/1920.jpg","https://rzp.io/l/lasavo-rwa-escrow","https://t.me/LasavoRWATokenization"
"Lasavo RWA","Instagram Reel","Reel 20","Cross-Chain RWA Bridge","Move your RWA tokens between Ethereum, Polygon, and Arbitrum seamlessly. 💳 Token Deposit (₹49,999): https://rzp.io/l/lasavo-rwa-token #CrossChainRWA","https://picsum.photos/id/1074/1080/1920.jpg","https://rzp.io/l/lasavo-rwa-token","https://t.me/LasavoRWATokenization"
"Lasavo RWA","Instagram Reel","Reel 21","Tokenized Cargo Shipping Fleets","Fractional ownership of maritime container ships generating global trade yields. 💳 Token Deposit (₹49,999): https://rzp.io/l/lasavo-rwa-token #ShippingYields","https://picsum.photos/id/1074/1080/1920.jpg","https://rzp.io/l/lasavo-rwa-token","https://t.me/LasavoRWATokenization"
"Lasavo RWA","Instagram Reel","Reel 22","Real-Time Balance Sheet Auditing","Continuous on-chain proof replacing annual manual accounting audits. 💳 Audit Escrow (₹1,49,999): https://rzp.io/l/lasavo-rwa-escrow #OnChainAudit","https://picsum.photos/id/1074/1080/1920.jpg","https://rzp.io/l/lasavo-rwa-escrow","https://t.me/LasavoRWATokenization"
"Lasavo RWA","Instagram Reel","Reel 23","P2P OTC Orderbook Studio","Direct peer-to-peer asset trades without expensive broker commissions. 💳 OTC Escrow (₹99,999): https://rzp.io/l/lasavo-otc-escrow #P2POTC","https://picsum.photos/id/1074/1080/1920.jpg","https://rzp.io/l/lasavo-otc-escrow","https://t.me/LasavoRWATokenization"
"Lasavo RWA","Instagram Reel","Reel 24","Fractional Luxury Resorts","Earn rental yields from high-occupancy boutique luxury hotel properties. 💳 Token Deposit (₹49,999): https://rzp.io/l/lasavo-rwa-token #HospitalityRWA","https://picsum.photos/id/1074/1080/1920.jpg","https://rzp.io/l/lasavo-rwa-token","https://t.me/LasavoRWATokenization"
"Lasavo RWA","Instagram Reel","Reel 25","Lasavo RWA Full Platform Tour","Full tour: Tokenization Engine + Proof of Reserve + OTC Derivatives Studio. 💳 Audit Escrow (₹1,49,999): https://rzp.io/l/lasavo-rwa-escrow #RWATour","https://picsum.photos/id/1074/1080/1920.jpg","https://rzp.io/l/lasavo-rwa-escrow","https://t.me/LasavoRWATokenization"
"Lasavo RWA","Instagram Reel","Reel 26","Fractional Aviation Fleet Tokenization","Tokenizing private jet and cargo aircraft leasing revenues. 💳 Token Deposit (₹49,999): https://rzp.io/l/lasavo-rwa-token #AviationRWA","https://picsum.photos/id/1074/1080/1920.jpg","https://rzp.io/l/lasavo-rwa-token","https://t.me/LasavoRWATokenization"
"Lasavo RWA","Instagram Reel","Reel 27","Smart Contract Yield Auto-Compounding","Reinvesting rental dividends automatically into additional fractional tokens. 💳 Token Deposit (₹49,999): https://rzp.io/l/lasavo-rwa-token #AutoCompound","https://picsum.photos/id/1074/1080/1920.jpg","https://rzp.io/l/lasavo-rwa-token","https://t.me/LasavoRWATokenization"
"Lasavo RWA","Instagram Reel","Reel 28","Institutional OTC Block Trade Escrow","Executing $1M+ private equity block trades with zero market slippage. 💳 OTC Escrow (₹99,999): https://rzp.io/l/lasavo-otc-escrow #BlockTrades","https://picsum.photos/id/1074/1080/1920.jpg","https://rzp.io/l/lasavo-otc-escrow","https://t.me/LasavoRWATokenization"
"Lasavo RWA","Instagram Reel","Reel 29","Proof of Reserve Merkle Tree Audit","Cryptographic Merkle tree verification proving asset solvency 24/7. 💳 Audit Escrow (₹1,49,999): https://rzp.io/l/lasavo-rwa-escrow #MerkleAudit","https://picsum.photos/id/1074/1080/1920.jpg","https://rzp.io/l/lasavo-rwa-escrow","https://t.me/LasavoRWATokenization"
"Lasavo RWA","Instagram Reel","Reel 30","Lasavo RWA Institutional Governance","Token holder voting & decentralized asset vault governance. 💳 Audit Escrow (₹1,49,999): https://rzp.io/l/lasavo-rwa-escrow #InstitutionalGovernance","https://picsum.photos/id/1074/1080/1920.jpg","https://rzp.io/l/lasavo-rwa-escrow","https://t.me/LasavoRWATokenization"
