"Brand","Platform","Content Type","Title/Hook","Caption","Payment Link","Telegram Link","Image Asset"
"Lasavo ASIC","Instagram Reel","Reel 1","Liquid Cooling Technology","High-performance liquid immersion cooling for 3nm ASIC hardware nodes! 40% lower thermal resistance. 💳 Tier 1 Node (₹49,999 / $600): https://rzp.io/l/lasavo-asic-tier1 #LasavoASIC #Compute","https://rzp.io/l/lasavo-asic-tier1","https://t.me/LasavoASICCompute","lasave_asic_hardware_node.jpg"
"Lasavo ASIC","Instagram Reel","Reel 2","100MW High-Density Datacenter","Tour inside our high-density liquid compute hall built for extreme workloads. 💳 Tier 1 Node (₹49,999): https://rzp.io/l/lasavo-asic-tier1 #Hardware Compute","https://rzp.io/l/lasavo-asic-tier1","https://t.me/LasavoASICCompute","lasave_asic_hardware_node.jpg"
"Lasavo ASIC","Instagram Reel","Reel 3","3D CAD/BIM Structural Workbench","Rotating 3D mechanical CAD workbench for industrial server rack framing. 💳 CAD Monthly (₹24,999/mo): https://rzp.io/l/lasavo-cad-monthly #CAD #BIM","https://rzp.io/l/lasavo-cad-monthly","https://t.me/LasavoASICCompute","lasave_asic_hardware_node.jpg"
"Lasavo ASIC","Instagram Reel","Reel 4","Hash Rate Efficiency Metrics","Live telemetry dashboard showing TH/s per Watt energy optimization. 💳 Tier 1 Node (₹49,999): https://rzp.io/l/lasavo-asic-tier1 #ASICHardware","https://rzp.io/l/lasavo-asic-tier1","https://t.me/LasavoASICCompute","lasave_asic_hardware_node.jpg"
"Lasavo ASIC","Instagram Reel","Reel 5","Green Energy Compute Substation","Direct hydro & solar power integration for sustainable compute clusters. 💳 Tier 1 Node (₹49,999): https://rzp.io/l/lasavo-asic-tier1 #GreenCompute","https://rzp.io/l/lasavo-asic-tier1","https://t.me/LasavoASICCompute","lasave_asic_hardware_node.jpg"
"Lasavo ASIC","Instagram Reel","Reel 6","3nm Silicon Chip Density","Inspecting 3nm silicon microchips under high-magnification engineering camera. 💳 Tier 1 Node (₹49,999): https://rzp.io/l/lasavo-asic-tier1 #SiliconTech","https://rzp.io/l/lasavo-asic-tier1","https://t.me/LasavoASICCompute","lasave_asic_hardware_node.jpg"
"Lasavo ASIC","Instagram Reel","Reel 7","BIM Mechanical Pipe Stress Test","Simulating fluid pressure and thermal stress in 3D BIM CAD software. 💳 CAD Monthly (₹24,999/mo): https://rzp.io/l/lasavo-cad-monthly #BIMCAD","https://rzp.io/l/lasavo-cad-monthly","https://t.me/LasavoASICCompute","lasave_asic_hardware_node.jpg"
"Lasavo ASIC","Instagram Reel","Reel 8","24/7 Datacenter Sensor Telemetry","Automated telemetry alerts for voltage, flow rate, and temperature. 💳 Tier 1 Node (₹49,999): https://rzp.io/l/lasavo-asic-tier1 #Datacenter","https://rzp.io/l/lasavo-asic-tier1","https://t.me/LasavoASICCompute","lasave_asic_hardware_node.jpg"
"Lasavo ASIC","Instagram Reel","Reel 9","Automatic Frequency Scaling","Dynamic ASIC hashboard frequency tuning for maximum daily yield. 💳 Tier 1 Node (₹49,999): https://rzp.io/l/lasavo-asic-tier1 #ASICYield","https://rzp.io/l/lasavo-asic-tier1","https://t.me/LasavoASICCompute","lasave_asic_hardware_node.jpg"
"Lasavo ASIC","Instagram Reel","Reel 10","Air Cooling vs Immersion Cooling","Why air cooling fans fail at scale vs why dielectric liquid immersion stays at 28°C. 💳 Tier 1 Node (₹49,999): https://rzp.io/l/lasavo-asic-tier1 #ImmersionCooling","https://rzp.io/l/lasavo-asic-tier1","https://t.me/LasavoASICCompute","lasave_asic_hardware_node.jpg"
"Lasavo ASIC","Instagram Reel","Reel 11","Structural Load CAD Calculations","Weight distribution math for high-density 50-unit server rack deployment. 💳 CAD Monthly (₹24,999/mo): https://rzp.io/l/lasavo-cad-monthly #StructuralEng","https://rzp.io/l/lasavo-cad-monthly","https://t.me/LasavoASICCompute","lasave_asic_hardware_node.jpg"
"Lasavo ASIC","Instagram Reel","Reel 12","High-Voltage Substation Hookup","33kV industrial transformers delivering uninterrupted power to compute blocks. 💳 Tier 1 Node (₹49,999): https://rzp.io/l/lasavo-asic-tier1 #PowerGrid","https://rzp.io/l/lasavo-asic-tier1","https://t.me/LasavoASICCompute","lasave_asic_hardware_node.jpg"
"Lasavo ASIC","Instagram Reel","Reel 13","60-Second Hotswap Maintenance","Swapping faulty hashboards in under 60 seconds without taking down the rack. 💳 Tier 1 Node (₹49,999): https://rzp.io/l/lasavo-asic-tier1 #DatacenterOps","https://rzp.io/l/lasavo-asic-tier1","https://t.me/LasavoASICCompute","lasave_asic_hardware_node.jpg"
"Lasavo ASIC","Instagram Reel","Reel 14","Industry Leading PUE 1.05","How liquid immersion achieves ultra-low Power Usage Effectiveness of 1.05. 💳 Tier 1 Node (₹49,999): https://rzp.io/l/lasavo-asic-tier1 #EnergyEfficiency","https://rzp.io/l/lasavo-asic-tier1","https://t.me/LasavoASICCompute","lasave_asic_hardware_node.jpg"
"Lasavo ASIC","Instagram Reel","Reel 15","CAD Pipe Collision Detection","Detecting structural interference in 3D BIM models before physical assembly. 💳 CAD Monthly (₹24,999/mo): https://rzp.io/l/lasavo-cad-monthly #CADDesign","https://rzp.io/l/lasavo-cad-monthly","https://t.me/LasavoASICCompute","lasave_asic_hardware_node.jpg"
"Lasavo ASIC","Instagram Reel","Reel 16","Dual Redundant Fiber Links","Terabit-capacity fiber optic connections for ultra-low telemetry latency. 💳 Tier 1 Node (₹49,999): https://rzp.io/l/lasavo-asic-tier1 #HighSpeedCompute","https://rzp.io/l/lasavo-asic-tier1","https://t.me/LasavoASICCompute","lasave_asic_hardware_node.jpg"
"Lasavo ASIC","Instagram Reel","Reel 17","Dielectric Fluid Safety Test","Pouring electronics into dielectric liquid with zero short circuit or fire risk. 💳 Tier 1 Node (₹49,999): https://rzp.io/l/lasavo-asic-tier1 #SafetyTech","https://rzp.io/l/lasavo-asic-tier1","https://t.me/LasavoASICCompute","lasave_asic_hardware_node.jpg"
"Lasavo ASIC","Instagram Reel","Reel 18","Institutional Hosting SLAs","99.9% power & compute uptime SLAs backed by smart contract guarantees. 💳 Tier 1 Node (₹49,999): https://rzp.io/l/lasavo-asic-tier1 #InstitutionalHosting","https://rzp.io/l/lasavo-asic-tier1","https://t.me/LasavoASICCompute","lasave_asic_hardware_node.jpg"
"Lasavo ASIC","Instagram Reel","Reel 19","FLIR Thermal Imaging Scan","FLIR infrared scan confirming cool operating temperature across all hashboards. 💳 Tier 1 Node (₹49,999): https://rzp.io/l/lasavo-asic-tier1 #ThermalImaging","https://rzp.io/l/lasavo-asic-tier1","https://t.me/LasavoASICCompute","lasave_asic_hardware_node.jpg"
"Lasavo ASIC","Instagram Reel","Reel 20","Modular Steel Rack CAD","Designing modular steel chassis for rapid datacenter expansion. 💳 CAD Monthly (₹24,999/mo): https://rzp.io/l/lasavo-cad-monthly #CADEngineering","https://rzp.io/l/lasavo-cad-monthly","https://t.me/LasavoASICCompute","lasave_asic_hardware_node.jpg"
"Lasavo ASIC","Instagram Reel","Reel 21","Emergency Diesel Generator Test","Sub-second automatic power transfer testing for 100% compute continuity. 💳 Tier 1 Node (₹49,999): https://rzp.io/l/lasavo-asic-tier1 #Redundancy","https://rzp.io/l/lasavo-asic-tier1","https://t.me/LasavoASICCompute","lasave_asic_hardware_node.jpg"
"Lasavo ASIC","Instagram Reel","Reel 22","Biometric Datacenter Security","Retina scan, keycard, and 24/7 video monitoring at our compute facilities. 💳 Tier 1 Node (₹49,999): https://rzp.io/l/lasavo-asic-tier1 #PhysicalSecurity","https://rzp.io/l/lasavo-asic-tier1","https://t.me/LasavoASICCompute","lasave_asic_hardware_node.jpg"
"Lasavo ASIC","Instagram Reel","Reel 23","Custom C++ ASIC Firmware","Overclocking hashboards by 15% with custom low-level C++ firmware. 💳 Tier 1 Node (₹49,999): https://rzp.io/l/lasavo-asic-tier1 #FirmwareTuning","https://rzp.io/l/lasavo-asic-tier1","https://t.me/LasavoASICCompute","lasave_asic_hardware_node.jpg"
"Lasavo ASIC","Instagram Reel","Reel 24","Waste Heat Agricultural Reuse","Recycling datacenter thermal waste to heat green agricultural greenhouses. 💳 Tier 1 Node (₹49,999): https://rzp.io/l/lasavo-asic-tier1 #EcoCompute","https://rzp.io/l/lasavo-asic-tier1","https://t.me/LasavoASICCompute","lasave_asic_hardware_node.jpg"
"Lasavo ASIC","Instagram Reel","Reel 25","Lasavo ASIC Full Facility Tour","Full tour: Datacenter Hall + CAD Workbench + Immersion Tanks + Substation. 💳 Tier 1 Node (₹49,999): https://rzp.io/l/lasavo-asic-tier1 #DatacenterTour","https://rzp.io/l/lasavo-asic-tier1","https://t.me/LasavoASICCompute","lasave_asic_hardware_node.jpg"
"Lasavo ASIC","Instagram Post","Image 1","Liquid-Cooled ASIC Node Rack","High-performance liquid compute hardware node for industrial operations. 💳 Tier 1 Node (₹49,999 / $600): https://rzp.io/l/lasavo-asic-tier1 #LasavoASIC","https://rzp.io/l/lasavo-asic-tier1","https://t.me/LasavoASICCompute","lasave_asic_hardware_node.jpg"
"Lasavo ASIC","Instagram Post","Image 2","3D CAD/BIM Workbench Canvas","Structural framing, piping design, and collision detection software. 💳 CAD Monthly (₹24,999/mo): https://rzp.io/l/lasavo-cad-monthly #CAD","https://rzp.io/l/lasavo-cad-monthly","https://t.me/LasavoASICCompute","lasave_asic_hardware_node.jpg"
"Lasavo ASIC","Facebook","Image 3","High-Density Datacenter Hall","Explore our 100MW green energy liquid compute facilities. 💳 Tier 1 Node (₹49,999): https://rzp.io/l/lasavo-asic-tier1 #ComputeNode","https://rzp.io/l/lasavo-asic-tier1","https://t.me/LasavoASICCompute","lasave_asic_hardware_node.jpg"
"Lasavo ASIC","Facebook","Image 4","Institutional Uptime Case Study","How Lasavo ASIC delivers 99.9% compute uptime SLAs. ✈️ Join Telegram: https://t.me/LasavoASICCompute #Hardware","https://rzp.io/l/lasavo-asic-tier1","https://t.me/LasavoASICCompute","lasave_asic_hardware_node.jpg"
"Lasavo ASIC","Instagram Post","Image 5","Enterprise Hosting Tiers","Custom high-density compute rack hosting quotes. 🌐 Portal: https://lasavo-asic.netlify.app/#pricing #EnterpriseCompute","https://rzp.io/l/lasavo-asic-tier1","https://t.me/LasavoASICCompute","lasave_asic_hardware_node.jpg"
"Lasavo ASIC","Long Video","Video 1","100MW Datacenter Facility Tour","25-Minute Deep Dive: Inside a High-Density Liquid-Cooled ASIC Datacenter. 🌐 Portal: https://lasavo-asic.netlify.app/#pricing #DatacenterTour","https://rzp.io/l/lasavo-asic-tier1","https://t.me/LasavoASICCompute","lasave_asic_hardware_node.jpg"
"Lasavo ASIC","Long Video","Video 2","CAD/BIM Workbench Masterclass","18-Minute Engineering Workshop: Structural Framing, Piping & Stress Analysis. 💳 CAD License: https://rzp.io/l/lasavo-cad-monthly #CADMasterclass","https://rzp.io/l/lasavo-cad-monthly","https://t.me/LasavoASICCompute","lasave_asic_hardware_node.jpg"
